{"main":"prueba-tecnica-clientes-database.raml","name":"Prueba Tecnica Clientes Database","groupId":"959c14a8-5dee-4588-b750-49cf33f0ad21","assetId":"prueba-tecnica-clientes-database","version":"1.0.0","classifier":"raml","tags":["_visual_designer"],"descriptorVersion":"1.0.0","organizationId":"959c14a8-5dee-4588-b750-49cf33f0ad21","apiVersion":"v1","originalFormatVersion":"1.0","metadata":{"projectId":"a2facaaf-4d59-46ba-a2ae-47b2f2c55821","branchId":"master","commitId":"8900aee4926f0f6f67979bfb1815bba19f3c0500"}}